file_name,AI,origin_name,MSE
ddpm-cat-2560.png,1,ddpm-cat-256,0.0636831670999527
ddpm-cat-2561.png,1,ddpm-cat-256,0.01063915342092514
ddpm-cat-2562.png,1,ddpm-cat-256,0.06248810142278671
ddpm-cat-2563.png,1,ddpm-cat-256,0.025193145498633385
ddpm-cat-2564.png,1,ddpm-cat-256,0.037144288420677185
ddpm-cat-2565.png,1,ddpm-cat-256,0.04193763807415962
ddpm-cat-2566.png,1,ddpm-cat-256,0.012928745709359646
ddpm-cat-2567.png,1,ddpm-cat-256,0.052589382976293564
ddpm-cat-2568.png,1,ddpm-cat-256,0.05196717381477356
ddpm-cat-2569.png,1,ddpm-cat-256,0.022875811904668808
ddpm-cat-25610.png,1,ddpm-cat-256,0.10042905807495117
ddpm-cat-25611.png,1,ddpm-cat-256,0.02707027457654476
ddpm-cat-25612.png,1,ddpm-cat-256,0.051994454115629196
ddpm-cat-25613.png,1,ddpm-cat-256,0.018790271133184433
ddpm-cat-25614.png,1,ddpm-cat-256,0.039224736392498016
ddpm-cat-25615.png,1,ddpm-cat-256,0.027129873633384705
ddpm-cat-25616.png,1,ddpm-cat-256,0.09913578629493713
ddpm-cat-25617.png,1,ddpm-cat-256,0.02188260480761528
ddpm-cat-25618.png,1,ddpm-cat-256,0.03954427316784859
ddpm-cat-25619.png,1,ddpm-cat-256,0.028250712901353836
ddpm-cat-25620.png,1,ddpm-cat-256,0.022771112620830536
ddpm-cat-25621.png,1,ddpm-cat-256,0.056616634130477905
ddpm-cat-25622.png,1,ddpm-cat-256,0.02869776450097561
ddpm-cat-25623.png,1,ddpm-cat-256,0.015798402950167656
ddpm-cat-25624.png,1,ddpm-cat-256,0.06844685971736908
ddpm-cat-25625.png,1,ddpm-cat-256,0.021494295448064804
ddpm-cat-25626.png,1,ddpm-cat-256,0.04616595804691315
ddpm-cat-25627.png,1,ddpm-cat-256,0.031342361122369766
ddpm-cat-25628.png,1,ddpm-cat-256,0.06163668632507324
ddpm-cat-25629.png,1,ddpm-cat-256,0.03057410567998886
ddpm-cat-25630.png,1,ddpm-cat-256,0.041235536336898804
ddpm-cat-25631.png,1,ddpm-cat-256,0.011951562017202377
ddpm-cat-25632.png,1,ddpm-cat-256,0.029445014894008636
ddpm-cat-25633.png,1,ddpm-cat-256,0.09632694721221924
ddpm-cat-25634.png,1,ddpm-cat-256,0.02092593163251877
ddpm-cat-25635.png,1,ddpm-cat-256,0.10830415785312653
ddpm-cat-25636.png,1,ddpm-cat-256,0.0379180982708931
ddpm-cat-25637.png,1,ddpm-cat-256,0.024136193096637726
ddpm-cat-25638.png,1,ddpm-cat-256,0.038938459008932114
ddpm-cat-25639.png,1,ddpm-cat-256,0.05674852803349495
ddpm-cat-25640.png,1,ddpm-cat-256,0.06225184351205826
ddpm-cat-25641.png,1,ddpm-cat-256,0.01773410104215145
ddpm-cat-25642.png,1,ddpm-cat-256,0.030719581991434097
ddpm-cat-25643.png,1,ddpm-cat-256,0.02694711461663246
ddpm-cat-25644.png,1,ddpm-cat-256,0.028524307534098625
ddpm-cat-25645.png,1,ddpm-cat-256,0.05215933546423912
ddpm-cat-25646.png,1,ddpm-cat-256,0.03165857493877411
ddpm-cat-25647.png,1,ddpm-cat-256,0.020182523876428604
ddpm-cat-25648.png,1,ddpm-cat-256,0.07743141800165176
ddpm-cat-25649.png,1,ddpm-cat-256,0.013452360406517982
ADM-diffusers0.png,1,ADM-diffusers,0.07322438061237335
ADM-diffusers1.png,1,ADM-diffusers,0.08500021696090698
ADM-diffusers2.png,1,ADM-diffusers,0.19206205010414124
ADM-diffusers3.png,1,ADM-diffusers,0.019999556243419647
ADM-diffusers4.png,1,ADM-diffusers,0.05638973414897919
ADM-diffusers5.png,1,ADM-diffusers,0.04951752722263336
ADM-diffusers6.png,1,ADM-diffusers,0.010406369343400002
ADM-diffusers7.png,1,ADM-diffusers,0.018217340111732483
ADM-diffusers8.png,1,ADM-diffusers,0.048844315111637115
ADM-diffusers9.png,1,ADM-diffusers,0.011375080794095993
ADM-diffusers10.png,1,ADM-diffusers,0.021330419927835464
ADM-diffusers11.png,1,ADM-diffusers,0.14358195662498474
ADM-diffusers12.png,1,ADM-diffusers,0.17379313707351685
ADM-diffusers13.png,1,ADM-diffusers,0.06335174292325974
ADM-diffusers14.png,1,ADM-diffusers,0.04340329021215439
ADM-diffusers15.png,1,ADM-diffusers,0.007579113356769085
ADM-diffusers16.png,1,ADM-diffusers,0.04251939803361893
ADM-diffusers17.png,1,ADM-diffusers,0.016799196600914
ADM-diffusers18.png,1,ADM-diffusers,0.020771712064743042
ADM-diffusers19.png,1,ADM-diffusers,0.06401898711919785
ADM-diffusers20.png,1,ADM-diffusers,0.07105496525764465
ADM-diffusers21.png,1,ADM-diffusers,0.050635576248168945
ADM-diffusers22.png,1,ADM-diffusers,0.014373662881553173
ADM-diffusers23.png,1,ADM-diffusers,0.04261596500873566
ADM-diffusers24.png,1,ADM-diffusers,0.012676950544118881
ADM-diffusers25.png,1,ADM-diffusers,0.04012322425842285
ADM-diffusers26.png,1,ADM-diffusers,0.022837281227111816
ADM-diffusers27.png,1,ADM-diffusers,0.04561249911785126
ADM-diffusers28.png,1,ADM-diffusers,0.020608212798833847
ADM-diffusers29.png,1,ADM-diffusers,0.03275057673454285
ADM-diffusers30.png,1,ADM-diffusers,0.040246736258268356
ADM-diffusers31.png,1,ADM-diffusers,0.1325094997882843
ADM-diffusers32.png,1,ADM-diffusers,0.012720882892608643
ADM-diffusers33.png,1,ADM-diffusers,0.032921772450208664
ADM-diffusers34.png,1,ADM-diffusers,0.01984085515141487
ADM-diffusers35.png,1,ADM-diffusers,0.03453595191240311
ADM-diffusers36.png,1,ADM-diffusers,0.07012146711349487
ADM-diffusers37.png,1,ADM-diffusers,0.013760989531874657
ADM-diffusers38.png,1,ADM-diffusers,0.019521765410900116
ADM-diffusers39.png,1,ADM-diffusers,0.15939930081367493
ADM-diffusers40.png,1,ADM-diffusers,0.08263614773750305
ADM-diffusers41.png,1,ADM-diffusers,0.029226131737232208
ADM-diffusers42.png,1,ADM-diffusers,0.033282533288002014
ADM-diffusers43.png,1,ADM-diffusers,0.05224541574716568
ADM-diffusers44.png,1,ADM-diffusers,0.0061265528202056885
ADM-diffusers45.png,1,ADM-diffusers,0.020117055624723434
ADM-diffusers46.png,1,ADM-diffusers,0.05351709574460983
ADM-diffusers47.png,1,ADM-diffusers,0.02275310829281807
ADM-diffusers48.png,1,ADM-diffusers,0.018070966005325317
ADM-diffusers49.png,1,ADM-diffusers,0.028586717322468758
stable-diffusion-2-1-base0.png,1,stable-diffusion-2-1-base,0.2625579237937927
stable-diffusion-2-1-base1.png,1,stable-diffusion-2-1-base,0.01722295954823494
stable-diffusion-2-1-base2.png,1,stable-diffusion-2-1-base,0.0410478413105011
stable-diffusion-2-1-base3.png,1,stable-diffusion-2-1-base,0.021763326600193977
stable-diffusion-2-1-base4.png,1,stable-diffusion-2-1-base,0.03505402058362961
stable-diffusion-2-1-base5.png,1,stable-diffusion-2-1-base,0.01890738680958748
stable-diffusion-2-1-base6.png,1,stable-diffusion-2-1-base,0.004270808771252632
stable-diffusion-2-1-base7.png,1,stable-diffusion-2-1-base,0.03140440210700035
stable-diffusion-2-1-base8.png,1,stable-diffusion-2-1-base,0.01914309337735176
stable-diffusion-2-1-base9.png,1,stable-diffusion-2-1-base,0.028872597962617874
stable-diffusion-2-1-base10.png,1,stable-diffusion-2-1-base,0.0047096554189920425
stable-diffusion-2-1-base11.png,1,stable-diffusion-2-1-base,0.004997840151190758
stable-diffusion-2-1-base12.png,1,stable-diffusion-2-1-base,0.04247911274433136
stable-diffusion-2-1-base13.png,1,stable-diffusion-2-1-base,0.00820893608033657
stable-diffusion-2-1-base14.png,1,stable-diffusion-2-1-base,0.06774482131004333
stable-diffusion-2-1-base15.png,1,stable-diffusion-2-1-base,0.07377608120441437
stable-diffusion-2-1-base16.png,1,stable-diffusion-2-1-base,0.01248610857874155
stable-diffusion-2-1-base17.png,1,stable-diffusion-2-1-base,0.04058206453919411
stable-diffusion-2-1-base18.png,1,stable-diffusion-2-1-base,0.137933611869812
stable-diffusion-2-1-base19.png,1,stable-diffusion-2-1-base,0.021962612867355347
stable-diffusion-2-1-base20.png,1,stable-diffusion-2-1-base,0.2136537730693817
stable-diffusion-2-1-base21.png,1,stable-diffusion-2-1-base,0.006257899105548859
stable-diffusion-2-1-base22.png,1,stable-diffusion-2-1-base,0.06234777346253395
stable-diffusion-2-1-base23.png,1,stable-diffusion-2-1-base,0.017409756779670715
stable-diffusion-2-1-base24.png,1,stable-diffusion-2-1-base,0.03456103056669235
stable-diffusion-2-1-base25.png,1,stable-diffusion-2-1-base,0.011302822269499302
stable-diffusion-2-1-base26.png,1,stable-diffusion-2-1-base,0.018823958933353424
stable-diffusion-2-1-base27.png,1,stable-diffusion-2-1-base,0.03005239926278591
stable-diffusion-2-1-base28.png,1,stable-diffusion-2-1-base,0.02980468049645424
stable-diffusion-2-1-base29.png,1,stable-diffusion-2-1-base,0.033144816756248474
stable-diffusion-2-1-base30.png,1,stable-diffusion-2-1-base,0.03072623908519745
stable-diffusion-2-1-base31.png,1,stable-diffusion-2-1-base,0.005066812038421631
stable-diffusion-2-1-base32.png,1,stable-diffusion-2-1-base,0.015724878758192062
stable-diffusion-2-1-base33.png,1,stable-diffusion-2-1-base,0.004385923966765404
stable-diffusion-2-1-base34.png,1,stable-diffusion-2-1-base,0.01977360062301159
stable-diffusion-2-1-base35.png,1,stable-diffusion-2-1-base,0.020790845155715942
stable-diffusion-2-1-base36.png,1,stable-diffusion-2-1-base,0.015428931452333927
stable-diffusion-2-1-base37.png,1,stable-diffusion-2-1-base,0.011576847173273563
stable-diffusion-2-1-base38.png,1,stable-diffusion-2-1-base,0.011346295475959778
stable-diffusion-2-1-base39.png,1,stable-diffusion-2-1-base,0.005927068181335926
stable-diffusion-2-1-base40.png,1,stable-diffusion-2-1-base,0.007264949381351471
stable-diffusion-2-1-base41.png,1,stable-diffusion-2-1-base,0.015656810253858566
stable-diffusion-2-1-base42.png,1,stable-diffusion-2-1-base,0.012056762352585793
stable-diffusion-2-1-base43.png,1,stable-diffusion-2-1-base,0.004820376634597778
stable-diffusion-2-1-base44.png,1,stable-diffusion-2-1-base,0.05521105229854584
stable-diffusion-2-1-base45.png,1,stable-diffusion-2-1-base,0.03769388049840927
stable-diffusion-2-1-base46.png,1,stable-diffusion-2-1-base,0.025603245943784714
stable-diffusion-2-1-base47.png,1,stable-diffusion-2-1-base,0.06296931207180023
stable-diffusion-2-1-base48.png,1,stable-diffusion-2-1-base,0.005051588639616966
stable-diffusion-2-1-base49.png,1,stable-diffusion-2-1-base,0.012555904686450958
stable-diffusion-v1-50.png,1,stable-diffusion-v1-5,0.0102196354418993
stable-diffusion-v1-51.png,1,stable-diffusion-v1-5,0.0710972249507904
stable-diffusion-v1-52.png,1,stable-diffusion-v1-5,0.009185345843434334
stable-diffusion-v1-53.png,1,stable-diffusion-v1-5,0.02487669512629509
stable-diffusion-v1-54.png,1,stable-diffusion-v1-5,0.026361852884292603
stable-diffusion-v1-55.png,1,stable-diffusion-v1-5,0.10667754709720612
stable-diffusion-v1-56.png,1,stable-diffusion-v1-5,0.006143039558082819
stable-diffusion-v1-57.png,1,stable-diffusion-v1-5,0.0036150109954178333
stable-diffusion-v1-58.png,1,stable-diffusion-v1-5,0.011084135621786118
stable-diffusion-v1-59.png,1,stable-diffusion-v1-5,0.005941946059465408
stable-diffusion-v1-510.png,1,stable-diffusion-v1-5,0.019221339374780655
stable-diffusion-v1-511.png,1,stable-diffusion-v1-5,0.00370782520622015
stable-diffusion-v1-512.png,1,stable-diffusion-v1-5,0.01078743115067482
stable-diffusion-v1-513.png,1,stable-diffusion-v1-5,0.006889723241329193
stable-diffusion-v1-514.png,1,stable-diffusion-v1-5,0.028305280953645706
stable-diffusion-v1-515.png,1,stable-diffusion-v1-5,0.015010432340204716
stable-diffusion-v1-516.png,1,stable-diffusion-v1-5,0.034357424825429916
stable-diffusion-v1-517.png,1,stable-diffusion-v1-5,0.013297964818775654
stable-diffusion-v1-518.png,1,stable-diffusion-v1-5,0.0166495181620121
stable-diffusion-v1-519.png,1,stable-diffusion-v1-5,0.022160205990076065
stable-diffusion-v1-520.png,1,stable-diffusion-v1-5,0.02771107479929924
stable-diffusion-v1-521.png,1,stable-diffusion-v1-5,0.04236844927072525
stable-diffusion-v1-522.png,1,stable-diffusion-v1-5,0.007369375787675381
stable-diffusion-v1-523.png,1,stable-diffusion-v1-5,0.0029657557606697083
stable-diffusion-v1-524.png,1,stable-diffusion-v1-5,0.06574536114931107
stable-diffusion-v1-525.png,1,stable-diffusion-v1-5,0.005366679280996323
stable-diffusion-v1-526.png,1,stable-diffusion-v1-5,0.0040811896324157715
stable-diffusion-v1-527.png,1,stable-diffusion-v1-5,0.06320232152938843
stable-diffusion-v1-528.png,1,stable-diffusion-v1-5,0.00827461201697588
stable-diffusion-v1-529.png,1,stable-diffusion-v1-5,0.015487752854824066
stable-diffusion-v1-530.png,1,stable-diffusion-v1-5,0.013466278091073036
stable-diffusion-v1-531.png,1,stable-diffusion-v1-5,0.021070988848805428
stable-diffusion-v1-532.png,1,stable-diffusion-v1-5,0.010122432373464108
stable-diffusion-v1-533.png,1,stable-diffusion-v1-5,0.016891511157155037
stable-diffusion-v1-534.png,1,stable-diffusion-v1-5,0.016364868730306625
stable-diffusion-v1-535.png,1,stable-diffusion-v1-5,0.003992793150246143
stable-diffusion-v1-536.png,1,stable-diffusion-v1-5,0.0046660504303872585
stable-diffusion-v1-537.png,1,stable-diffusion-v1-5,0.014530327171087265
stable-diffusion-v1-538.png,1,stable-diffusion-v1-5,0.0076799397356808186
stable-diffusion-v1-539.png,1,stable-diffusion-v1-5,0.010567090474069118
stable-diffusion-v1-540.png,1,stable-diffusion-v1-5,0.01065149623900652
stable-diffusion-v1-541.png,1,stable-diffusion-v1-5,0.004587560426443815
stable-diffusion-v1-542.png,1,stable-diffusion-v1-5,0.01150982640683651
stable-diffusion-v1-543.png,1,stable-diffusion-v1-5,0.008898956701159477
stable-diffusion-v1-544.png,1,stable-diffusion-v1-5,0.009208055213093758
stable-diffusion-v1-545.png,1,stable-diffusion-v1-5,0.009033991023898125
stable-diffusion-v1-546.png,1,stable-diffusion-v1-5,0.01527268998324871
stable-diffusion-v1-547.png,1,stable-diffusion-v1-5,0.046099305152893066
stable-diffusion-v1-548.png,1,stable-diffusion-v1-5,0.004384571686387062
stable-diffusion-v1-549.png,1,stable-diffusion-v1-5,0.007110593840479851
lsun-bedrooms0.png,0,lsun-bedrooms,0.03548034280538559
lsun-bedrooms1.png,0,lsun-bedrooms,0.037672895938158035
lsun-bedrooms2.png,0,lsun-bedrooms,0.08260288089513779
lsun-bedrooms3.png,0,lsun-bedrooms,0.03823908790946007
lsun-bedrooms4.png,0,lsun-bedrooms,0.012383230961859226
lsun-bedrooms5.png,0,lsun-bedrooms,0.08139801025390625
lsun-bedrooms6.png,0,lsun-bedrooms,0.1376248002052307
lsun-bedrooms7.png,0,lsun-bedrooms,0.039703987538814545
lsun-bedrooms8.png,0,lsun-bedrooms,0.04387039318680763
lsun-bedrooms9.png,0,lsun-bedrooms,0.0200553797185421
lsun-bedrooms10.png,0,lsun-bedrooms,0.021461544558405876
lsun-bedrooms11.png,0,lsun-bedrooms,0.03467017412185669
lsun-bedrooms12.png,0,lsun-bedrooms,0.22557181119918823
lsun-bedrooms13.png,0,lsun-bedrooms,0.029125604778528214
lsun-bedrooms14.png,0,lsun-bedrooms,0.11876173317432404
lsun-bedrooms15.png,0,lsun-bedrooms,0.11482156068086624
lsun-bedrooms16.png,0,lsun-bedrooms,0.01598411425948143
lsun-bedrooms17.png,0,lsun-bedrooms,0.13664081692695618
lsun-bedrooms18.png,0,lsun-bedrooms,0.03926372900605202
lsun-bedrooms19.png,0,lsun-bedrooms,0.1986873596906662
lsun-bedrooms20.png,0,lsun-bedrooms,0.021028729155659676
lsun-bedrooms21.png,0,lsun-bedrooms,0.06103183329105377
lsun-bedrooms22.png,0,lsun-bedrooms,0.03023754619061947
lsun-bedrooms23.png,0,lsun-bedrooms,0.0184471495449543
lsun-bedrooms24.png,0,lsun-bedrooms,0.059123918414115906
lsun-bedrooms25.png,0,lsun-bedrooms,0.026076897978782654
lsun-bedrooms26.png,0,lsun-bedrooms,0.020975852385163307
lsun-bedrooms27.png,0,lsun-bedrooms,0.16101543605327606
lsun-bedrooms28.png,0,lsun-bedrooms,0.0965055301785469
lsun-bedrooms29.png,0,lsun-bedrooms,0.04389283061027527
lsun-bedrooms30.png,0,lsun-bedrooms,0.17326703667640686
lsun-bedrooms31.png,0,lsun-bedrooms,0.05045992136001587
lsun-bedrooms32.png,0,lsun-bedrooms,0.11609765142202377
lsun-bedrooms33.png,0,lsun-bedrooms,0.03545762598514557
lsun-bedrooms34.png,0,lsun-bedrooms,0.09386429190635681
lsun-bedrooms35.png,0,lsun-bedrooms,0.03269944712519646
lsun-bedrooms36.png,0,lsun-bedrooms,0.20328788459300995
lsun-bedrooms37.png,0,lsun-bedrooms,0.041436776518821716
lsun-bedrooms38.png,0,lsun-bedrooms,0.03057737834751606
lsun-bedrooms39.png,0,lsun-bedrooms,0.03599949926137924
lsun-bedrooms40.png,0,lsun-bedrooms,0.11958660185337067
lsun-bedrooms41.png,0,lsun-bedrooms,0.022964078933000565
lsun-bedrooms42.png,0,lsun-bedrooms,0.035807833075523376
lsun-bedrooms43.png,0,lsun-bedrooms,0.08634945750236511
lsun-bedrooms44.png,0,lsun-bedrooms,0.19104430079460144
lsun-bedrooms45.png,0,lsun-bedrooms,0.04085089638829231
lsun-bedrooms46.png,0,lsun-bedrooms,0.0633564293384552
lsun-bedrooms47.png,0,lsun-bedrooms,0.22295601665973663
lsun-bedrooms48.png,0,lsun-bedrooms,0.06436987221240997
lsun-bedrooms49.png,0,lsun-bedrooms,0.051911018788814545
